Collection;Cabinet;Shelf
C-V-Gen General Herbarium;1;1
C-V-Gen General Herbarium;1;2
C-V-Gen General Herbarium;1;3
C-V-Gen General Herbarium;1;4
C-V-Gen General Herbarium;1;5
C-V-Gen General Herbarium;1;6
C-V-Gen General Herbarium;2;1
C-V-Gen General Herbarium;2;2
C-V-Gen General Herbarium;2;3
C-V-Gen General Herbarium;2;4
C-V-Gen General Herbarium;2;5
C-V-Gen General Herbarium;3;1
C-V-Gen General Herbarium;3;2
C-V-Gen General Herbarium;3;3
C-V-Gen General Herbarium;4;1
C-V-Gen General Herbarium;4;2